image_id,fish_id,genotype,quality,experiment_code,experiment_number,fish_number,tif_filename,old_fish_id,old_genotype
503012363,WT-2-2,wt,3,26022020,2,2,26022020inx+-4xzoomfish02v2.tif,WT-2-1,wt
503015234,WT-2-2,wt,3,26022020,2,2,26022020inx+-4xzoomfish02v1.tif,WT-2-1,wt
503015335,WT-2-2,wt,3,26022020,2,2,26022020inx+-4xzoomfish02v3.tif,WT-2-1,wt
525404903,HET-2-1,het,3,120220,1,2,120220_4xzoom_v_fish02.tif,WT-2-1,wt
163435797,WT-23-1,wt,3,120220,1,23,120220_4xzoom_v_fish23.tif,WT-23-1,wt
163437447,WT-23-1,wt,2,120220,1,23,120220_4xzoom_v1_fish23.tif,WT-23-1,wt
163439034,WT-23-1,wt,2,120220,1,23,120220_4xzoom_v1_fish23.tif,WT-23-1,wt
163447232,WT-23-1,wt,1,120220,1,23,120220_4xzoom_v3_fish23.tif,WT-23-1,wt
163447625,WT-23-1,wt,3,120220,1,23,120220_4xzoom_v2_fish23.tif,WT-23-1,wt
525409830,WT-23-1,wt,3,120220,1,23,120220_4xzoom_v_fish23.tif,WT-23-1,wt
525418073,WT-23-1,wt,3,120220,1,23,120220_4xzoom_v2_fish23.tif,WT-23-1,wt
525419301,WT-23-1,wt,2,120220,1,23,120220_4xzoom_v3_fish23.tif,WT-23-1,wt
163430839,WT-18-1,wt,3,120220,1,18,120220_4xzoom_v_fish18.tif,WT-18-1,wt
163434162,WT-18-1,wt,3,120220,1,18,120220_4xzoom_v1_fish18.tif,WT-18-1,wt
163446504,WT-18-1,wt,3,120220,1,18,120220_4xzoom_v2_fish18.tif,WT-18-1,wt
525410202,WT-18-1,wt,3,120220,1,18,120220_4xzoom_v_fish18.tif,WT-18-1,wt
525417694,WT-18-1,wt,3,120220,1,18,120220_4xzoom_v2_fish18.tif,WT-18-1,wt
163428646,WT-20-1,wt,3,120220,1,20,120220_4xzoom_v_fish20.tif,WT-20-1,wt
163446863,WT-20-1,wt,3,120220,1,20,120220_4xzoom_v2_fish20.tif,WT-20-1,wt
163447534,WT-20-1,wt,3,120220,1,20,120220_4xzoom_v3_fish20.tif,WT-20-1,wt
163447688,WT-20-1,wt,3,120220,1,20,120220_4xzoom_v1_fish20.tif,WT-20-1,wt
525406624,WT-20-1,wt,3,120220,1,20,120220_4xzoom_v_fish20.tif,WT-20-1,wt
525418818,WT-20-1,wt,3,120220,1,20,120220_4xzoom_v2_fish20.tif,WT-20-1,wt
525419334,WT-20-1,wt,3,120220,1,20,120220_4xzoom_v3_fish20.tif,WT-20-1,wt
163428076,WT-1-1,wt,2,120220,1,1,120220_4xzoom_v_fish01.tif,WT-1-1,wt
163433840,WT-1-1,wt,3,120220,1,1,120220_4xzoom_v1_fish01.tif,WT-1-1,wt
503015236,WT-2-2,wt,2,26022020,2,2,26022020inx+-4xzoomfish02v.tif,WT-2-2,wt
503012628,WT-3-2,wt,3,26022020,2,3,26022020inx+-4xzoomfish03v1.tif,WT-3-1,wt
503015691,WT-3-2,wt,3,26022020,2,3,26022020inx+-4xzoomfish03v.tif,WT-3-1,wt
503017161,WT-3-2,wt,2,26022020,2,3,26022020inx+-4xzoomfish03v2.tif,WT-3-1,wt
503017238,WT-3-2,wt,3,26022020,2,3,26022020inx+-4xzoomfish03v3.tif,WT-3-1,wt
503020451,WT-8-2,wt,3,26022020,2,8,26022020inx+-4xzoomfish08v1.tif,WT-8-1,wt
503027138,WT-8-2,wt,3,26022020,2,8,26022020inx+-4xzoomfish08v2.tif,WT-8-1,wt
503027139,WT-8-2,wt,2,26022020,2,8,26022020inx+-4xzoomfish08v4.tif,WT-8-1,wt
503027141,WT-8-2,wt,2,26022020,2,8,26022020inx+-4xzoomfish08v.tif,WT-8-1,wt
503027497,WT-8-2,wt,3,26022020,2,8,26022020inx+-4xzoomfish08v3.tif,WT-8-1,wt
503020324,WT-9-2,wt,3,26022020,2,9,26022020inx+-4xzoomfish09v1.tif,WT-9-1,wt
503027099,WT-9-2,wt,1,26022020,2,9,26022020inx+-4xzoomfish09v3.tif,WT-9-1,wt
503027952,WT-9-2,wt,3,26022020,2,9,26022020inx+-4xzoomfish09v.tif,WT-9-1,wt
503027957,WT-9-2,wt,3,26022020,2,9,26022020inx+-4xzoomfish09v2.tif,WT-9-1,wt
163428018,WT-10-1,wt,3,120220,1,10,120220_4xzoom_v_fish10.tif,WT-10-1,wt
163434039,WT-10-1,wt,3,120220,1,10,120220_4xzoom_v1_fish10.tif,WT-10-1,wt
163446746,WT-10-1,wt,3,120220,1,10,120220_4xzoom_v2_fish10.tif,WT-10-1,wt
163447721,WT-10-1,wt,3,120220,1,10,120220_4xzoom_v3_fish10.tif,WT-10-1,wt
525410232,WT-10-1,wt,3,120220,1,10,120220_4xzoom_v_fish10.tif,WT-10-1,wt
525413043,WT-10-1,wt,3,120220,1,10,120220_4xzoom_v2_fish10.tif,WT-10-1,wt
525414691,WT-10-1,wt,3,120220,1,10,120220_4xzoom_v3_fish10.tif,WT-10-1,wt
163430975,HET-13-1,het,2,120220,1,13,120220_4xzoom_v_fish13.tif,WT-13-1,wt
163447105,HET-13-1,het,3,120220,1,13,120220_4xzoom_v2_fish13.tif,WT-13-1,wt
163447541,HET-13-1,het,2,120220,1,13,120220_4xzoom_v3_fish13.tif,WT-13-1,wt
163430866,HOM-12-1,hom,2,120220,1,12,120220_4xzoom_v_fish12.tif,HOM-12-1,hom
163434132,HOM-12-1,hom,2,120220,1,12,120220_4xzoom_v1_fish12.tif,HOM-12-1,hom
163447113,HOM-12-1,hom,3,120220,1,12,120220_4xzoom_v2_fish12.tif,HOM-12-1,hom
525410379,HOM-12-1,hom,3,120220,1,12,120220_4xzoom_v_fish12.tif,HOM-12-1,hom
525419269,HOM-12-1,hom,3,120220,1,12,120220_4xzoom_v2_fish12.tif,HOM-12-1,hom
163430950,HOM-21-1,hom,3,120220,1,21,120220_4xzoom_v_fish21.tif,HOM-21-1,hom
163437296,HOM-21-1,hom,3,120220,1,21,120220_4xzoom_v1_fish21.tif,HOM-21-1,hom
163438853,HOM-21-1,hom,3,120220,1,21,120220_4xzoom_v1_fish21.tif,HOM-21-1,hom
163447535,HOM-21-1,hom,3,120220,1,21,120220_4xzoom_v3_fish21.tif,HOM-21-1,hom
163447536,HOM-21-1,hom,2,120220,1,21,120220_4xzoom_v2_fish21.tif,HOM-21-1,hom
525410279,HOM-21-1,hom,3,120220,1,21,120220_4xzoom_v_fish21.tif,HOM-21-1,hom
525417947,HOM-21-1,hom,3,120220,1,21,120220_4xzoom_v3_fish21.tif,HOM-21-1,hom
525419273,HOM-21-1,hom,2,120220,1,21,120220_4xzoom_v2_fish21.tif,HOM-21-1,hom
163428059,HOM-8-1,hom,3,120220,1,8,120220_4xzoom_v_fish08.tif,HOM-8-2,hom
163433892,HOM-8-1,hom,3,120220,1,8,120220_4xzoom_v1_fish08.tif,HOM-8-1,hom
163446564,HOM-8-1,hom,3,120220,1,8,120220_4xzoom_v3_fish08.tif,HOM-8-1,hom
163447121,HOM-8-1,hom,3,120220,1,8,120220_4xzoom_v2_fish08.tif,HOM-8-1,hom
525409823,HOM-8-1,hom,3,120220,1,8,120220_4xzoom_v_fish08.tif,HOM-8-1,hom
525413016,HOM-8-1,hom,3,120220,1,8,120220_4xzoom_v3_fish08.tif,HOM-8-1,hom
525419422,HOM-8-1,hom,3,120220,1,8,120220_4xzoom_v2_fish08.tif,HOM-8-1,hom
163430904,HOM-16-1,hom,3,120220,1,16,120220_4xzoom_v_fish16.tif,HOM-16-1,hom
163434207,HOM-16-1,hom,3,120220,1,16,120220_4xzoom_v1_fish16.tif,HOM-16-1,hom
163447677,HOM-16-1,hom,3,120220,1,16,120220_4xzoom_v3_fish16.tif,HOM-16-1,hom
525410294,HOM-16-1,hom,3,120220,1,16,120220_4xzoom_v_fish16.tif,HOM-16-1,hom
525418863,HOM-16-1,hom,3,120220,1,16,120220_4xzoom_v3_fish16.tif,HOM-16-1,hom
163430951,HOM-15-1,hom,3,120220,1,15,120220_4xzoom_v_fish15.tif,HOM-15-1,hom
163434184,HOM-15-1,hom,3,120220,1,15,120220_4xzoom_v1_fish15.tif,HOM-15-1,hom
163447104,HOM-15-1,hom,3,120220,1,15,120220_4xzoom_v3_fish15.tif,HOM-15-1,hom
163447537,HOM-15-1,hom,2,120220,1,15,120220_4xzoom_v2_fish15.tif,HOM-15-1,hom
525410233,HOM-15-1,hom,3,120220,1,15,120220_4xzoom_v_fish15.tif,HOM-15-1,hom
525418964,HOM-15-1,hom,3,120220,1,15,120220_4xzoom_v3_fish15.tif,HOM-15-1,hom
525418967,HOM-15-1,hom,2,120220,1,15,120220_4xzoom_v2_fish15.tif,HOM-15-1,hom
503020970,HET-10-2,het,3,26022020,2,10,26022020inx+-4xzoomfish10v1.tif,HET-10-1,het
503026936,HET-10-2,het,3,26022020,2,10,26022020inx+-4xzoomfish10v.tif,HET-10-1,het
503027582,HET-10-2,het,3,26022020,2,10,26022020inx+-4xzoomfish10v3.tif,HET-10-1,het
503027661,HET-10-2,het,3,26022020,2,10,26022020inx+-4xzoomfish10v4.tif,HET-10-1,het
503027891,HET-10-2,het,2,26022020,2,10,26022020inx+-4xzoomfish10v2.tif,HET-10-1,het
503019336,HET-7-2,het,3,26022020,2,7,26022020inx+-4xzoomfish07v.tif,HET-7-2,het
503020396,HET-7-2,het,3,26022020,2,7,26022020inx+-4xzoomfish07v.tif,HET-7-2,het
503025776,HET-7-2,het,3,26022020,2,7,26022020inx+-4xzoomfish07v2.tif,HET-7-2,het
503027992,HET-7-2,het,1,26022020,2,7,26022020inx+-4xzoomfish07v1.tif,HET-7-2,het
163424327,HET-9-1,het,3,120220,1,9,120220_4xzoom_v_fish09.tif,HET-9-1,het
163436039,HET-9-1,het,3,120220,1,9,120220_4xzoom_v1_fish09.tif,HET-9-1,het
163446666,HET-9-1,het,2,120220,1,9,120220_4xzoom_v3_fish09.tif,HET-9-1,het
163446844,HET-9-1,het,3,120220,1,9,120220_4xzoom_v4_fish09.tif,HET-9-1,het
525406437,HET-9-1,het,3,120220,1,9,120220_4xzoom_v_fish09.tif,HET-9-1,het
525419086,HET-9-1,het,3,120220,1,9,120220_4xzoom_v3_fish09.tif,HET-9-1,het
525419376,HET-9-1,het,3,120220,1,9,120220_4xzoom_v4_fish09.tif,HET-9-1,het
525404899,WT-1-1,wt,3,120220,1,1,120220_4xzoom_v_fish01.tif,HET-1-1,het
503012092,HET-1-2,het,3,26022020,2,1,26022020inx+-4xzoomfish01v.tif,HET-1-2,het
503013337,HET-1-2,het,3,26022020,2,1,26022020inx+-4xzoomfish01v2.tif,HET-1-2,het
163424313,HET-3-1,het,3,120220,1,3,120220_4xzoom_v_fish_03.tif,HET-3-1,het
163436040,HET-3-1,het,2,120220,1,3,120220_4xzoom_v1_fish03.tif,HET-3-1,het
163447377,HET-3-1,het,2,120220,1,3,120220_4xzoom_v2_fish03.tif,HET-3-1,het
525406497,HET-3-1,het,3,120220,1,3,120220_4xzoom_v_fish03.tif,HET-3-1,het
525417887,HET-3-1,het,2,120220,1,3,120220_4xzoom_v2_fish03.tif,HET-3-1,het
163424271,HET-4-1,het,3,120220,1,4,120220_4xzoom_v_fish04.tif,HET-4-1,het
163435865,HET-4-1,het,3,120220,1,4,120220_4xzoom_v1_fish04.tif,HET-4-1,het
163446392,HET-4-1,het,3,120220,1,4,120220_4xzoom_v2_fish04.tif,HET-4-1,het
163446474,HET-4-1,het,2,120220,1,4,120220_4xzoom_v3_fish04.tif,HET-4-1,het
525406569,HET-4-1,het,3,120220,1,4,120220_4xzoom_v_fish04.tif,HET-4-1,het
525418743,HET-4-1,het,3,120220,1,4,120220_4xzoom_v2_fish04.tif,HET-4-1,het
525418841,HET-4-1,het,3,120220,1,4,120220_4xzoom_v3_fish04.tif,HET-4-1,het
163427973,HET-7-1,het,2,120220,1,7,120220_4xzoom_v_fish07.tif,HET-7-1,het
163433864,HET-7-1,het,3,120220,1,7,120220_4xzoom_v1_fish07.tif,HET-7-1,het
163446475,HET-7-1,het,1,120220,1,7,120220_4xzoom_v3_fish07.tif,HET-7-1,het
163447456,HET-7-1,het,2,120220,1,7,120220_4xzoom_v2_fish07.tif,HET-7-1,het
525410372,HET-7-1,het,2,120220,1,7,120220_4xzoom_v_fish07.tif,HET-7-1,het
525419016,HET-7-1,het,3,120220,1,7,120220_4xzoom_v2_fish07.tif,HET-7-1,het
525419296,HET-7-1,het,1,120220,1,7,120220_4xzoom_v3_fish07.tif,HET-7-1,het
525410293,HET-13-1,het,2,120220,1,13,120220_4xzoom_v_fish13.tif,HET-13-1,het
525411447,HET-13-1,het,3,120220,1,13,120220_4xzoom_v3_fish13.tif,HET-13-1,het
525419017,HET-13-1,het,1,120220,1,13,120220_4xzoom_v2_fish13.tif,HET-13-1,het
163430921,HET-17-1,het,2,120220,1,17,120220_4xzoom_v_fish17.tif,HET-17-1,het
163436010,HET-17-1,het,3,120220,1,17,120220_4xzoom_v1_fish17.tif,HET-17-1,het
163438973,HET-17-1,het,2,120220,1,17,120220_4xzoom_v2_fish17.tif,HET-17-1,het
163447533,HET-17-1,het,2,120220,1,17,120220_4xzoom_v3_fish17.tif,HET-17-1,het
525409655,HET-17-1,het,2,120220,1,17,120220_4xzoom_v_fish17.tif,HET-17-1,het
525410975,HET-17-1,het,2,120220,1,17,120220_4xzoom_v2_fish17.tif,HET-17-1,het
525413019,HET-17-1,het,3,120220,1,17,120220_4xzoom_v3_fish17.tif,HET-17-1,het
163428047,HET-2-1,het,3,120220,1,2,120220_4xzoom_v_fish02.tif,HET-2-1,het
163433792,HET-2-1,het,3,120220,1,2,120220_4xzoom_v1_fish02.tif,HET-2-1,het
163447610,HET-2-1,het,3,120220,1,2,120220_4xzoom_v2_fish02.tif,HET-2-1,het
525419379,HET-2-1,het,3,120220,1,2,120220_4xzoom_v2_fish02.tif,HET-2-1,het
503016031,HET-4-2,het,3,26022020,2,4,26022020inx+-4xzoomfish04v2.tif,HET-4-2,het
503017467,HET-4-2,het,3,26022020,2,4,26022020inx+-4xzoomfish04v1.tif,HET-4-2,het
503018147,HET-4-2,het,1,26022020,2,4,26022020inx+-4xzoomfish04v3.tif,HET-4-2,het
503018156,HET-4-2,het,3,26022020,2,4,26022020inx+-4xzoomfish04v4.tif,HET-4-2,het
503018850,HET-11-2,het,3,26022020,2,11,26022020inx+-4xzoomfish11v.tif,HET-11-2,het
503020932,HET-11-2,het,3,26022020,2,11,26022020inx+-4xzoomfish11v.tif,HET-11-2,het
503027136,HET-11-2,het,3,26022020,2,11,26022020inx+-4xzoomfish11v1.tif,HET-11-2,het
503027809,HET-11-2,het,3,26022020,2,11,26022020inx+-4xzoomfish11v3.tif,HET-11-2,het
163428634,HET-14-1,het,2,120220,1,14,120220_4xzoom_v_fish14.tif,HET-14-1,het
163436038,HET-14-1,het,2,120220,1,14,120220_4xzoom_v1_fish14.tif,HET-14-1,het
163446638,HET-14-1,het,2,120220,1,14,120220_4xzoom_v3_fish14.tif,HET-14-1,het
163447614,HET-14-1,het,2,120220,1,14,120220_4xzoom_v2_fish14.tif,HET-14-1,het
525406531,HET-14-1,het,2,120220,1,14,120220_4xzoom_v_fish14.tif,HET-14-1,het
525412475,HET-14-1,het,2,120220,1,14,120220_4xzoom_v2_fish14.tif,HET-14-1,het
525419236,HET-14-1,het,3,120220,1,14,120220_4xzoom_v3_fish14.tif,HET-14-1,het
163430757,HET-22-1,het,3,120220,1,22,120220_4xzoom_v_fish22.tif,HET-22-1,het
163437374,HET-22-1,het,3,120220,1,22,120220_4xzoom_v1_fish22.tif,HET-22-1,het
163439041,HET-22-1,het,3,120220,1,22,120220_4xzoom_v1_fish22.tif,HET-22-1,het
163446478,HET-22-1,het,1,120220,1,22,120220_4xzoom_v2_fish22.tif,HET-22-1,het
163447457,HET-22-1,het,2,120220,1,22,120220_4xzoom_v3_fish22.tif,HET-22-1,het
525410242,HET-22-1,het,2,120220,1,22,120220_4xzoom_v_fish22.tif,HET-22-1,het
525411409,HET-22-1,het,1,120220,1,22,120220_4xzoom_v2_fish22.tif,HET-22-1,het
525419281,HET-22-1,het,3,120220,1,22,120220_4xzoom_v3_fish22.tif,HET-22-1,het
163428021,HET-5-1,het,3,120220,1,5,120220_4xzoom_v_fish05.tif,HET-5-1,het
163433841,HET-5-1,het,3,120220,1,5,120220_4xzoom_v1_fish05.tif,HET-5-1,het
163447758,HET-5-1,het,3,120220,1,5,120220_4xzoom_v2_fish05.tif,HET-5-1,het
525409878,HET-5-1,het,3,120220,1,5,120220_4xzoom_v_fish05.tif,HET-5-1,het
525419087,HET-5-1,het,3,120220,1,5,120220_4xzoom_v2_fish05.tif,HET-5-1,het
163430903,HET-11-1,het,2,120220,1,11,120220_4xzoom_v_fish11.tif,HET-11-1,het
163434100,HET-11-1,het,2,120220,1,11,120220_4xzoom_v1_fish11.tif,HET-11-1,het
163446668,HET-11-1,het,3,120220,1,11,120220_4xzoom_v2_fish11.tif,HET-11-1,het
525409908,HET-11-1,het,3,120220,1,11,120220_4xzoom_v_fish11.tif,HET-11-1,het
525418918,HET-11-1,het,3,120220,1,11,120220_4xzoom_v2_fish11.tif,HET-11-1,het
163446831,HOM-16-1,hom,3,120220,1,16,120220_4xzoom_v2_fish16.tif,HET-16-1,het
163430949,HET-19-1,het,2,120220,1,19,120220_4xzoom_v_fish19.tif,HET-19-1,het
163437430,HET-19-1,het,3,120220,1,19,120220_4xzoom_v1_fish19.tif,HET-19-1,het
163439000,HET-19-1,het,3,120220,1,19,120220_4xzoom_v1_fish19.tif,HET-19-1,het
163446505,HET-19-1,het,3,120220,1,19,120220_4xzoom_v3_fish19.tif,HET-19-1,het
163447461,HET-19-1,het,2,120220,1,19,120220_4xzoom_v2_fish19.tif,HET-19-1,het
525410284,HET-19-1,het,2,120220,1,19,120220_4xzoom_v_fish19.tif,HET-19-1,het
525418856,HET-19-1,het,3,120220,1,19,120220_4xzoom_v3_fish19.tif,HET-19-1,het
525419100,HET-19-1,het,3,120220,1,19,120220_4xzoom_v2_fish19.tif,HET-19-1,het
163435978,HET-24-1,het,3,120220,1,24,120220_4xzoom_v_fish24.tif,HET-24-1,het
163437381,HET-24-1,het,3,120220,1,24,120220_4xzoom_v1_fish24.tif,HET-24-1,het
163439027,HET-24-1,het,3,120220,1,24,120220_4xzoom_v1_fish24.tif,HET-24-1,het
525410203,HET-24-1,het,3,120220,1,24,120220_4xzoom_v_fish24.tif,HET-24-1,het
163424314,HET-6-1,het,3,120220,1,6,120220_4xzoom_v_fish06.tif,HET-6-1,het
163436037,HET-6-1,het,3,120220,1,6,120220_4xzoom_v1_fish06.tif,HET-6-1,het
163447111,HET-6-1,het,3,120220,1,6,120220_4xzoom_v2_fish06.tif,HET-6-1,het
525406568,HET-6-1,het,3,120220,1,6,120220_4xzoom_v_fish06.tif,HET-6-1,het
525417988,HET-6-1,het,3,120220,1,6,120220_4xzoom_v2_fish06.tif,HET-6-1,het
503019380,HET-6-2,het,3,26022020,2,6,26022020inx+-4xzoomfish06v.tif,HET-6-2,het
503020374,HET-6-2,het,3,26022020,2,6,26022020inx+-4xzoomfish06v.tif,HET-6-2,het
503025971,HET-6-2,het,3,26022020,2,6,26022020inx+-4xzoomfish06v2.tif,HET-6-2,het
503027437,HET-6-2,het,1,26022020,2,6,26022020inx+-4xzoomfish06v1.tif,HET-6-2,het
503027574,HET-6-2,het,3,26022020,2,6,26022020inx+-4xzoomfish06v3.tif,HET-6-2,het
