outer_fold,split,fish_id,genotype
1,test,HET-11-1,het
1,test,HET-17-1,het
1,test,HET-2-1,het
1,test,HET-6-1,het
1,test,HOM-8-1,hom
1,test,WT-10-1,wt
1,test,WT-13-1,wt
1,train,HET-1-1,het
1,train,HET-1-2,het
1,train,HET-10-1,het
1,train,HET-11-2,het
1,train,HET-19-1,het
1,train,HET-22-1,het
1,train,HET-24-1,het
1,train,HET-3-1,het
1,train,HET-4-1,het
1,train,HET-4-2,het
1,train,HET-5-1,het
1,train,HET-6-2,het
1,train,HET-7-1,het
1,train,HET-7-2,het
1,train,HOM-12-1,hom
1,train,HOM-15-1,hom
1,train,HOM-16-1,hom
1,train,HOM-21-1,hom
1,train,WT-1-1,wt
1,train,WT-18-1,wt
1,train,WT-2-1,wt
1,train,WT-23-1,wt
1,train,WT-3-1,wt
1,train,WT-8-1,wt
1,train,WT-9-1,wt
1,val,HET-13-1,het
1,val,HET-14-1,het
1,val,HET-16-1,het
1,val,HET-9-1,het
1,val,HOM-8-2,hom
1,val,WT-2-2,wt
1,val,WT-20-1,wt
2,test,HET-10-1,het
2,test,HET-11-2,het
2,test,HET-19-1,het
2,test,HET-24-1,het
2,test,HOM-16-1,hom
2,test,WT-20-1,wt
2,test,WT-9-1,wt
2,train,HET-1-1,het
2,train,HET-1-2,het
2,train,HET-11-1,het
2,train,HET-13-1,het
2,train,HET-14-1,het
2,train,HET-17-1,het
2,train,HET-2-1,het
2,train,HET-3-1,het
2,train,HET-4-1,het
2,train,HET-4-2,het
2,train,HET-5-1,het
2,train,HET-6-1,het
2,train,HET-7-1,het
2,train,HET-9-1,het
2,train,HOM-12-1,hom
2,train,HOM-15-1,hom
2,train,HOM-21-1,hom
2,train,HOM-8-1,hom
2,train,WT-1-1,wt
2,train,WT-13-1,wt
2,train,WT-18-1,wt
2,train,WT-2-1,wt
2,train,WT-23-1,wt
2,train,WT-3-1,wt
2,train,WT-8-1,wt
2,val,HET-16-1,het
2,val,HET-22-1,het
2,val,HET-6-2,het
2,val,HET-7-2,het
2,val,HOM-8-2,hom
2,val,WT-10-1,wt
2,val,WT-2-2,wt
3,test,HET-1-1,het
3,test,HET-1-2,het
3,test,HET-14-1,het
3,test,HET-6-2,het
3,test,HET-9-1,het
3,test,HOM-21-1,hom
3,test,WT-2-1,wt
3,test,WT-8-1,wt
3,train,HET-11-1,het
3,train,HET-11-2,het
3,train,HET-13-1,het
3,train,HET-17-1,het
3,train,HET-19-1,het
3,train,HET-2-1,het
3,train,HET-22-1,het
3,train,HET-24-1,het
3,train,HET-3-1,het
3,train,HET-4-1,het
3,train,HET-4-2,het
3,train,HET-6-1,het
3,train,HET-7-2,het
3,train,HOM-12-1,hom
3,train,HOM-15-1,hom
3,train,HOM-16-1,hom
3,train,HOM-8-1,hom
3,train,WT-1-1,wt
3,train,WT-10-1,wt
3,train,WT-13-1,wt
3,train,WT-18-1,wt
3,train,WT-2-2,wt
3,train,WT-20-1,wt
3,train,WT-3-1,wt
3,train,WT-9-1,wt
3,val,HET-10-1,het
3,val,HET-16-1,het
3,val,HET-5-1,het
3,val,HET-7-1,het
3,val,HOM-8-2,hom
3,val,WT-23-1,wt
4,test,HET-13-1,het
4,test,HET-16-1,het
4,test,HET-22-1,het
4,test,HET-3-1,het
4,test,HET-5-1,het
4,test,HOM-15-1,hom
4,test,WT-18-1,wt
4,test,WT-2-2,wt
4,test,WT-3-1,wt
4,train,HET-1-2,het
4,train,HET-11-2,het
4,train,HET-14-1,het
4,train,HET-17-1,het
4,train,HET-19-1,het
4,train,HET-2-1,het
4,train,HET-24-1,het
4,train,HET-4-1,het
4,train,HET-4-2,het
4,train,HET-6-1,het
4,train,HET-6-2,het
4,train,HET-7-2,het
4,train,HET-9-1,het
4,train,HOM-12-1,hom
4,train,HOM-16-1,hom
4,train,HOM-21-1,hom
4,train,HOM-8-1,hom
4,train,WT-1-1,wt
4,train,WT-10-1,wt
4,train,WT-13-1,wt
4,train,WT-2-1,wt
4,train,WT-20-1,wt
4,train,WT-8-1,wt
4,train,WT-9-1,wt
4,val,HET-1-1,het
4,val,HET-10-1,het
4,val,HET-11-1,het
4,val,HET-7-1,het
4,val,HOM-8-2,hom
4,val,WT-23-1,wt
5,test,HET-4-1,het
5,test,HET-4-2,het
5,test,HET-7-1,het
5,test,HET-7-2,het
5,test,HOM-12-1,hom
5,test,HOM-8-2,hom
5,test,WT-1-1,wt
5,test,WT-23-1,wt
5,train,HET-1-1,het
5,train,HET-1-2,het
5,train,HET-11-2,het
5,train,HET-13-1,het
5,train,HET-14-1,het
5,train,HET-16-1,het
5,train,HET-19-1,het
5,train,HET-2-1,het
5,train,HET-22-1,het
5,train,HET-3-1,het
5,train,HET-5-1,het
5,train,HET-6-1,het
5,train,HET-6-2,het
5,train,HET-9-1,het
5,train,HOM-15-1,hom
5,train,HOM-21-1,hom
5,train,HOM-8-1,hom
5,train,WT-10-1,wt
5,train,WT-18-1,wt
5,train,WT-2-1,wt
5,train,WT-2-2,wt
5,train,WT-3-1,wt
5,train,WT-8-1,wt
5,train,WT-9-1,wt
5,val,HET-10-1,het
5,val,HET-11-1,het
5,val,HET-17-1,het
5,val,HET-24-1,het
5,val,HOM-16-1,hom
5,val,WT-13-1,wt
5,val,WT-20-1,wt
