outer_fold,split,image_id,fish_id,genotype,quality
1,train,503012363,WT-2-1,wt,3
1,train,503015234,WT-2-1,wt,3
1,train,503015335,WT-2-1,wt,3
1,train,525404903,WT-2-1,wt,3
1,train,163435797,WT-23-1,wt,3
1,train,163437447,WT-23-1,wt,2
1,train,163439034,WT-23-1,wt,2
1,train,163447232,WT-23-1,wt,1
1,train,163447625,WT-23-1,wt,3
1,train,525409830,WT-23-1,wt,3
1,train,525418073,WT-23-1,wt,3
1,train,525419301,WT-23-1,wt,2
1,train,163430839,WT-18-1,wt,3
1,train,163434162,WT-18-1,wt,3
1,train,163446504,WT-18-1,wt,3
1,train,525410202,WT-18-1,wt,3
1,train,525417694,WT-18-1,wt,3
1,train,163428076,WT-1-1,wt,2
1,train,163433840,WT-1-1,wt,3
1,train,503012628,WT-3-1,wt,3
1,train,503015691,WT-3-1,wt,3
1,train,503017161,WT-3-1,wt,2
1,train,503017238,WT-3-1,wt,3
1,train,503020451,WT-8-1,wt,3
1,train,503027138,WT-8-1,wt,3
1,train,503027139,WT-8-1,wt,2
1,train,503027141,WT-8-1,wt,2
1,train,503027497,WT-8-1,wt,3
1,train,503020324,WT-9-1,wt,3
1,train,503027099,WT-9-1,wt,1
1,train,503027952,WT-9-1,wt,3
1,train,503027957,WT-9-1,wt,3
1,train,163430866,HOM-12-1,hom,2
1,train,163434132,HOM-12-1,hom,2
1,train,163447113,HOM-12-1,hom,3
1,train,525410379,HOM-12-1,hom,3
1,train,525419269,HOM-12-1,hom,3
1,train,163430950,HOM-21-1,hom,3
1,train,163437296,HOM-21-1,hom,3
1,train,163438853,HOM-21-1,hom,3
1,train,163447535,HOM-21-1,hom,3
1,train,163447536,HOM-21-1,hom,2
1,train,525410279,HOM-21-1,hom,3
1,train,525417947,HOM-21-1,hom,3
1,train,525419273,HOM-21-1,hom,2
1,train,163430904,HOM-16-1,hom,3
1,train,163434207,HOM-16-1,hom,3
1,train,163447677,HOM-16-1,hom,3
1,train,525410294,HOM-16-1,hom,3
1,train,525418863,HOM-16-1,hom,3
1,train,163430951,HOM-15-1,hom,3
1,train,163434184,HOM-15-1,hom,3
1,train,163447104,HOM-15-1,hom,3
1,train,163447537,HOM-15-1,hom,2
1,train,525410233,HOM-15-1,hom,3
1,train,525418964,HOM-15-1,hom,3
1,train,525418967,HOM-15-1,hom,2
1,train,503020970,HET-10-1,het,3
1,train,503026936,HET-10-1,het,3
1,train,503027582,HET-10-1,het,3
1,train,503027661,HET-10-1,het,3
1,train,503027891,HET-10-1,het,2
1,train,503019336,HET-7-2,het,3
1,train,503020396,HET-7-2,het,3
1,train,503025776,HET-7-2,het,3
1,train,503027992,HET-7-2,het,1
1,train,525404899,HET-1-1,het,3
1,train,503012092,HET-1-2,het,3
1,train,503013337,HET-1-2,het,3
1,train,163424313,HET-3-1,het,3
1,train,163436040,HET-3-1,het,2
1,train,163447377,HET-3-1,het,2
1,train,525406497,HET-3-1,het,3
1,train,525417887,HET-3-1,het,2
1,train,163424271,HET-4-1,het,3
1,train,163435865,HET-4-1,het,3
1,train,163446392,HET-4-1,het,3
1,train,163446474,HET-4-1,het,2
1,train,525406569,HET-4-1,het,3
1,train,525418743,HET-4-1,het,3
1,train,525418841,HET-4-1,het,3
1,train,163427973,HET-7-1,het,2
1,train,163433864,HET-7-1,het,3
1,train,163446475,HET-7-1,het,1
1,train,163447456,HET-7-1,het,2
1,train,525410372,HET-7-1,het,2
1,train,525419016,HET-7-1,het,3
1,train,525419296,HET-7-1,het,1
1,train,503016031,HET-4-2,het,3
1,train,503017467,HET-4-2,het,3
1,train,503018147,HET-4-2,het,1
1,train,503018156,HET-4-2,het,3
1,train,503018850,HET-11-2,het,3
1,train,503020932,HET-11-2,het,3
1,train,503027136,HET-11-2,het,3
1,train,503027809,HET-11-2,het,3
1,train,503027953,HET-11-2,het,1
1,train,163430757,HET-22-1,het,3
1,train,163437374,HET-22-1,het,3
1,train,163439041,HET-22-1,het,3
1,train,163446478,HET-22-1,het,1
1,train,163447457,HET-22-1,het,2
1,train,525410242,HET-22-1,het,2
1,train,525411409,HET-22-1,het,1
1,train,525419281,HET-22-1,het,3
1,train,163428021,HET-5-1,het,3
1,train,163433841,HET-5-1,het,3
1,train,163447758,HET-5-1,het,3
1,train,525409878,HET-5-1,het,3
1,train,525419087,HET-5-1,het,3
1,train,163430949,HET-19-1,het,2
1,train,163437430,HET-19-1,het,3
1,train,163439000,HET-19-1,het,3
1,train,163446505,HET-19-1,het,3
1,train,163447461,HET-19-1,het,2
1,train,525410284,HET-19-1,het,2
1,train,525418856,HET-19-1,het,3
1,train,525419100,HET-19-1,het,3
1,train,163435978,HET-24-1,het,3
1,train,163437381,HET-24-1,het,3
1,train,163439027,HET-24-1,het,3
1,train,525410203,HET-24-1,het,3
1,train,503019380,HET-6-2,het,3
1,train,503020374,HET-6-2,het,3
1,train,503025971,HET-6-2,het,3
1,train,503027437,HET-6-2,het,1
1,train,503027574,HET-6-2,het,3
1,val,163428646,WT-20-1,wt,3
1,val,163446863,WT-20-1,wt,3
1,val,163447534,WT-20-1,wt,3
1,val,163447688,WT-20-1,wt,3
1,val,525406624,WT-20-1,wt,3
1,val,525418818,WT-20-1,wt,3
1,val,525419334,WT-20-1,wt,3
1,val,503015236,WT-2-2,wt,2
1,val,163428059,HOM-8-2,hom,3
1,val,163424327,HET-9-1,het,3
1,val,163436039,HET-9-1,het,3
1,val,163446666,HET-9-1,het,2
1,val,163446844,HET-9-1,het,3
1,val,525406437,HET-9-1,het,3
1,val,525419086,HET-9-1,het,3
1,val,525419376,HET-9-1,het,3
1,val,525410293,HET-13-1,het,2
1,val,525411447,HET-13-1,het,3
1,val,525419017,HET-13-1,het,1
1,val,163428634,HET-14-1,het,2
1,val,163436038,HET-14-1,het,2
1,val,163446638,HET-14-1,het,2
1,val,163447614,HET-14-1,het,2
1,val,525406531,HET-14-1,het,2
1,val,525412475,HET-14-1,het,2
1,val,525419236,HET-14-1,het,3
1,val,163446831,HET-16-1,het,3
1,test,163428018,WT-10-1,wt,3
1,test,163434039,WT-10-1,wt,3
1,test,163446746,WT-10-1,wt,3
1,test,163447721,WT-10-1,wt,3
1,test,525410232,WT-10-1,wt,3
1,test,525413043,WT-10-1,wt,3
1,test,525414691,WT-10-1,wt,3
1,test,163430975,WT-13-1,wt,2
1,test,163447105,WT-13-1,wt,3
1,test,163447541,WT-13-1,wt,2
1,test,163433892,HOM-8-1,hom,3
1,test,163446564,HOM-8-1,hom,3
1,test,163447121,HOM-8-1,hom,3
1,test,525409823,HOM-8-1,hom,3
1,test,525413016,HOM-8-1,hom,3
1,test,525419422,HOM-8-1,hom,3
1,test,163430921,HET-17-1,het,2
1,test,163436010,HET-17-1,het,3
1,test,163438973,HET-17-1,het,2
1,test,163447533,HET-17-1,het,2
1,test,525409655,HET-17-1,het,2
1,test,525410710,HET-17-1,het,2
1,test,525410975,HET-17-1,het,2
1,test,525413019,HET-17-1,het,3
1,test,163428047,HET-2-1,het,3
1,test,163433792,HET-2-1,het,3
1,test,163447610,HET-2-1,het,3
1,test,525419379,HET-2-1,het,3
1,test,163430903,HET-11-1,het,2
1,test,163434100,HET-11-1,het,2
1,test,163446668,HET-11-1,het,3
1,test,525409908,HET-11-1,het,3
1,test,525418918,HET-11-1,het,3
1,test,163424314,HET-6-1,het,3
1,test,163436037,HET-6-1,het,3
1,test,163447111,HET-6-1,het,3
1,test,525406568,HET-6-1,het,3
1,test,525417988,HET-6-1,het,3
2,train,503012363,WT-2-1,wt,3
2,train,503015234,WT-2-1,wt,3
2,train,503015335,WT-2-1,wt,3
2,train,525404903,WT-2-1,wt,3
2,train,163435797,WT-23-1,wt,3
2,train,163437447,WT-23-1,wt,2
2,train,163439034,WT-23-1,wt,2
2,train,163447232,WT-23-1,wt,1
2,train,163447625,WT-23-1,wt,3
2,train,525409830,WT-23-1,wt,3
2,train,525418073,WT-23-1,wt,3
2,train,525419301,WT-23-1,wt,2
2,train,163430839,WT-18-1,wt,3
2,train,163434162,WT-18-1,wt,3
2,train,163446504,WT-18-1,wt,3
2,train,525410202,WT-18-1,wt,3
2,train,525417694,WT-18-1,wt,3
2,train,163428076,WT-1-1,wt,2
2,train,163433840,WT-1-1,wt,3
2,train,503012628,WT-3-1,wt,3
2,train,503015691,WT-3-1,wt,3
2,train,503017161,WT-3-1,wt,2
2,train,503017238,WT-3-1,wt,3
2,train,503020451,WT-8-1,wt,3
2,train,503027138,WT-8-1,wt,3
2,train,503027139,WT-8-1,wt,2
2,train,503027141,WT-8-1,wt,2
2,train,503027497,WT-8-1,wt,3
2,train,163430975,WT-13-1,wt,2
2,train,163447105,WT-13-1,wt,3
2,train,163447541,WT-13-1,wt,2
2,train,163430866,HOM-12-1,hom,2
2,train,163434132,HOM-12-1,hom,2
2,train,163447113,HOM-12-1,hom,3
2,train,525410379,HOM-12-1,hom,3
2,train,525419269,HOM-12-1,hom,3
2,train,163430950,HOM-21-1,hom,3
2,train,163437296,HOM-21-1,hom,3
2,train,163438853,HOM-21-1,hom,3
2,train,163447535,HOM-21-1,hom,3
2,train,163447536,HOM-21-1,hom,2
2,train,525410279,HOM-21-1,hom,3
2,train,525417947,HOM-21-1,hom,3
2,train,525419273,HOM-21-1,hom,2
2,train,163433892,HOM-8-1,hom,3
2,train,163446564,HOM-8-1,hom,3
2,train,163447121,HOM-8-1,hom,3
2,train,525409823,HOM-8-1,hom,3
2,train,525413016,HOM-8-1,hom,3
2,train,525419422,HOM-8-1,hom,3
2,train,163430951,HOM-15-1,hom,3
2,train,163434184,HOM-15-1,hom,3
2,train,163447104,HOM-15-1,hom,3
2,train,163447537,HOM-15-1,hom,2
2,train,525410233,HOM-15-1,hom,3
2,train,525418964,HOM-15-1,hom,3
2,train,525418967,HOM-15-1,hom,2
2,train,163424327,HET-9-1,het,3
2,train,163436039,HET-9-1,het,3
2,train,163446666,HET-9-1,het,2
2,train,163446844,HET-9-1,het,3
2,train,525406437,HET-9-1,het,3
2,train,525419086,HET-9-1,het,3
2,train,525419376,HET-9-1,het,3
2,train,525404899,HET-1-1,het,3
2,train,503012092,HET-1-2,het,3
2,train,503013337,HET-1-2,het,3
2,train,163424313,HET-3-1,het,3
2,train,163436040,HET-3-1,het,2
2,train,163447377,HET-3-1,het,2
2,train,525406497,HET-3-1,het,3
2,train,525417887,HET-3-1,het,2
2,train,163424271,HET-4-1,het,3
2,train,163435865,HET-4-1,het,3
2,train,163446392,HET-4-1,het,3
2,train,163446474,HET-4-1,het,2
2,train,525406569,HET-4-1,het,3
2,train,525418743,HET-4-1,het,3
2,train,525418841,HET-4-1,het,3
2,train,163427973,HET-7-1,het,2
2,train,163433864,HET-7-1,het,3
2,train,163446475,HET-7-1,het,1
2,train,163447456,HET-7-1,het,2
2,train,525410372,HET-7-1,het,2
2,train,525419016,HET-7-1,het,3
2,train,525419296,HET-7-1,het,1
2,train,525410293,HET-13-1,het,2
2,train,525411447,HET-13-1,het,3
2,train,525419017,HET-13-1,het,1
2,train,163430921,HET-17-1,het,2
2,train,163436010,HET-17-1,het,3
2,train,163438973,HET-17-1,het,2
2,train,163447533,HET-17-1,het,2
2,train,525409655,HET-17-1,het,2
2,train,525410710,HET-17-1,het,2
2,train,525410975,HET-17-1,het,2
2,train,525413019,HET-17-1,het,3
2,train,163428047,HET-2-1,het,3
2,train,163433792,HET-2-1,het,3
2,train,163447610,HET-2-1,het,3
2,train,525419379,HET-2-1,het,3
2,train,503016031,HET-4-2,het,3
2,train,503017467,HET-4-2,het,3
2,train,503018147,HET-4-2,het,1
2,train,503018156,HET-4-2,het,3
2,train,163428634,HET-14-1,het,2
2,train,163436038,HET-14-1,het,2
2,train,163446638,HET-14-1,het,2
2,train,163447614,HET-14-1,het,2
2,train,525406531,HET-14-1,het,2
2,train,525412475,HET-14-1,het,2
2,train,525419236,HET-14-1,het,3
2,train,163428021,HET-5-1,het,3
2,train,163433841,HET-5-1,het,3
2,train,163447758,HET-5-1,het,3
2,train,525409878,HET-5-1,het,3
2,train,525419087,HET-5-1,het,3
2,train,163430903,HET-11-1,het,2
2,train,163434100,HET-11-1,het,2
2,train,163446668,HET-11-1,het,3
2,train,525409908,HET-11-1,het,3
2,train,525418918,HET-11-1,het,3
2,train,163424314,HET-6-1,het,3
2,train,163436037,HET-6-1,het,3
2,train,163447111,HET-6-1,het,3
2,train,525406568,HET-6-1,het,3
2,train,525417988,HET-6-1,het,3
2,val,503015236,WT-2-2,wt,2
2,val,163428018,WT-10-1,wt,3
2,val,163434039,WT-10-1,wt,3
2,val,163446746,WT-10-1,wt,3
2,val,163447721,WT-10-1,wt,3
2,val,525410232,WT-10-1,wt,3
2,val,525413043,WT-10-1,wt,3
2,val,525414691,WT-10-1,wt,3
2,val,163428059,HOM-8-2,hom,3
2,val,503019336,HET-7-2,het,3
2,val,503020396,HET-7-2,het,3
2,val,503025776,HET-7-2,het,3
2,val,503027992,HET-7-2,het,1
2,val,163430757,HET-22-1,het,3
2,val,163437374,HET-22-1,het,3
2,val,163439041,HET-22-1,het,3
2,val,163446478,HET-22-1,het,1
2,val,163447457,HET-22-1,het,2
2,val,525410242,HET-22-1,het,2
2,val,525411409,HET-22-1,het,1
2,val,525419281,HET-22-1,het,3
2,val,163446831,HET-16-1,het,3
2,val,503019380,HET-6-2,het,3
2,val,503020374,HET-6-2,het,3
2,val,503025971,HET-6-2,het,3
2,val,503027437,HET-6-2,het,1
2,val,503027574,HET-6-2,het,3
2,test,163428646,WT-20-1,wt,3
2,test,163446863,WT-20-1,wt,3
2,test,163447534,WT-20-1,wt,3
2,test,163447688,WT-20-1,wt,3
2,test,525406624,WT-20-1,wt,3
2,test,525418818,WT-20-1,wt,3
2,test,525419334,WT-20-1,wt,3
2,test,503020324,WT-9-1,wt,3
2,test,503027099,WT-9-1,wt,1
2,test,503027952,WT-9-1,wt,3
2,test,503027957,WT-9-1,wt,3
2,test,163430904,HOM-16-1,hom,3
2,test,163434207,HOM-16-1,hom,3
2,test,163447677,HOM-16-1,hom,3
2,test,525410294,HOM-16-1,hom,3
2,test,525418863,HOM-16-1,hom,3
2,test,503020970,HET-10-1,het,3
2,test,503026936,HET-10-1,het,3
2,test,503027582,HET-10-1,het,3
2,test,503027661,HET-10-1,het,3
2,test,503027891,HET-10-1,het,2
2,test,503018850,HET-11-2,het,3
2,test,503020932,HET-11-2,het,3
2,test,503027136,HET-11-2,het,3
2,test,503027809,HET-11-2,het,3
2,test,503027953,HET-11-2,het,1
2,test,163430949,HET-19-1,het,2
2,test,163437430,HET-19-1,het,3
2,test,163439000,HET-19-1,het,3
2,test,163446505,HET-19-1,het,3
2,test,163447461,HET-19-1,het,2
2,test,525410284,HET-19-1,het,2
2,test,525418856,HET-19-1,het,3
2,test,525419100,HET-19-1,het,3
2,test,163435978,HET-24-1,het,3
2,test,163437381,HET-24-1,het,3
2,test,163439027,HET-24-1,het,3
2,test,525410203,HET-24-1,het,3
3,train,163430839,WT-18-1,wt,3
3,train,163434162,WT-18-1,wt,3
3,train,163446504,WT-18-1,wt,3
3,train,525410202,WT-18-1,wt,3
3,train,525417694,WT-18-1,wt,3
3,train,163428646,WT-20-1,wt,3
3,train,163446863,WT-20-1,wt,3
3,train,163447534,WT-20-1,wt,3
3,train,163447688,WT-20-1,wt,3
3,train,525406624,WT-20-1,wt,3
3,train,525418818,WT-20-1,wt,3
3,train,525419334,WT-20-1,wt,3
3,train,163428076,WT-1-1,wt,2
3,train,163433840,WT-1-1,wt,3
3,train,503015236,WT-2-2,wt,2
3,train,503012628,WT-3-1,wt,3
3,train,503015691,WT-3-1,wt,3
3,train,503017161,WT-3-1,wt,2
3,train,503017238,WT-3-1,wt,3
3,train,503020324,WT-9-1,wt,3
3,train,503027099,WT-9-1,wt,1
3,train,503027952,WT-9-1,wt,3
3,train,503027957,WT-9-1,wt,3
3,train,163428018,WT-10-1,wt,3
3,train,163434039,WT-10-1,wt,3
3,train,163446746,WT-10-1,wt,3
3,train,163447721,WT-10-1,wt,3
3,train,525410232,WT-10-1,wt,3
3,train,525413043,WT-10-1,wt,3
3,train,525414691,WT-10-1,wt,3
3,train,163430975,WT-13-1,wt,2
3,train,163447105,WT-13-1,wt,3
3,train,163447541,WT-13-1,wt,2
3,train,163430866,HOM-12-1,hom,2
3,train,163434132,HOM-12-1,hom,2
3,train,163447113,HOM-12-1,hom,3
3,train,525410379,HOM-12-1,hom,3
3,train,525419269,HOM-12-1,hom,3
3,train,163433892,HOM-8-1,hom,3
3,train,163446564,HOM-8-1,hom,3
3,train,163447121,HOM-8-1,hom,3
3,train,525409823,HOM-8-1,hom,3
3,train,525413016,HOM-8-1,hom,3
3,train,525419422,HOM-8-1,hom,3
3,train,163430904,HOM-16-1,hom,3
3,train,163434207,HOM-16-1,hom,3
3,train,163447677,HOM-16-1,hom,3
3,train,525410294,HOM-16-1,hom,3
3,train,525418863,HOM-16-1,hom,3
3,train,163430951,HOM-15-1,hom,3
3,train,163434184,HOM-15-1,hom,3
3,train,163447104,HOM-15-1,hom,3
3,train,163447537,HOM-15-1,hom,2
3,train,525410233,HOM-15-1,hom,3
3,train,525418964,HOM-15-1,hom,3
3,train,525418967,HOM-15-1,hom,2
3,train,503019336,HET-7-2,het,3
3,train,503020396,HET-7-2,het,3
3,train,503025776,HET-7-2,het,3
3,train,503027992,HET-7-2,het,1
3,train,163424313,HET-3-1,het,3
3,train,163436040,HET-3-1,het,2
3,train,163447377,HET-3-1,het,2
3,train,525406497,HET-3-1,het,3
3,train,525417887,HET-3-1,het,2
3,train,163424271,HET-4-1,het,3
3,train,163435865,HET-4-1,het,3
3,train,163446392,HET-4-1,het,3
3,train,163446474,HET-4-1,het,2
3,train,525406569,HET-4-1,het,3
3,train,525418743,HET-4-1,het,3
3,train,525418841,HET-4-1,het,3
3,train,525410293,HET-13-1,het,2
3,train,525411447,HET-13-1,het,3
3,train,525419017,HET-13-1,het,1
3,train,163430921,HET-17-1,het,2
3,train,163436010,HET-17-1,het,3
3,train,163438973,HET-17-1,het,2
3,train,163447533,HET-17-1,het,2
3,train,525409655,HET-17-1,het,2
3,train,525410710,HET-17-1,het,2
3,train,525410975,HET-17-1,het,2
3,train,525413019,HET-17-1,het,3
3,train,163428047,HET-2-1,het,3
3,train,163433792,HET-2-1,het,3
3,train,163447610,HET-2-1,het,3
3,train,525419379,HET-2-1,het,3
3,train,503016031,HET-4-2,het,3
3,train,503017467,HET-4-2,het,3
3,train,503018147,HET-4-2,het,1
3,train,503018156,HET-4-2,het,3
3,train,503018850,HET-11-2,het,3
3,train,503020932,HET-11-2,het,3
3,train,503027136,HET-11-2,het,3
3,train,503027809,HET-11-2,het,3
3,train,503027953,HET-11-2,het,1
3,train,163430757,HET-22-1,het,3
3,train,163437374,HET-22-1,het,3
3,train,163439041,HET-22-1,het,3
3,train,163446478,HET-22-1,het,1
3,train,163447457,HET-22-1,het,2
3,train,525410242,HET-22-1,het,2
3,train,525411409,HET-22-1,het,1
3,train,525419281,HET-22-1,het,3
3,train,163430903,HET-11-1,het,2
3,train,163434100,HET-11-1,het,2
3,train,163446668,HET-11-1,het,3
3,train,525409908,HET-11-1,het,3
3,train,525418918,HET-11-1,het,3
3,train,163430949,HET-19-1,het,2
3,train,163437430,HET-19-1,het,3
3,train,163439000,HET-19-1,het,3
3,train,163446505,HET-19-1,het,3
3,train,163447461,HET-19-1,het,2
3,train,525410284,HET-19-1,het,2
3,train,525418856,HET-19-1,het,3
3,train,525419100,HET-19-1,het,3
3,train,163435978,HET-24-1,het,3
3,train,163437381,HET-24-1,het,3
3,train,163439027,HET-24-1,het,3
3,train,525410203,HET-24-1,het,3
3,train,163424314,HET-6-1,het,3
3,train,163436037,HET-6-1,het,3
3,train,163447111,HET-6-1,het,3
3,train,525406568,HET-6-1,het,3
3,train,525417988,HET-6-1,het,3
3,val,163435797,WT-23-1,wt,3
3,val,163437447,WT-23-1,wt,2
3,val,163439034,WT-23-1,wt,2
3,val,163447232,WT-23-1,wt,1
3,val,163447625,WT-23-1,wt,3
3,val,525409830,WT-23-1,wt,3
3,val,525418073,WT-23-1,wt,3
3,val,525419301,WT-23-1,wt,2
3,val,163428059,HOM-8-2,hom,3
3,val,503020970,HET-10-1,het,3
3,val,503026936,HET-10-1,het,3
3,val,503027582,HET-10-1,het,3
3,val,503027661,HET-10-1,het,3
3,val,503027891,HET-10-1,het,2
3,val,163427973,HET-7-1,het,2
3,val,163433864,HET-7-1,het,3
3,val,163446475,HET-7-1,het,1
3,val,163447456,HET-7-1,het,2
3,val,525410372,HET-7-1,het,2
3,val,525419016,HET-7-1,het,3
3,val,525419296,HET-7-1,het,1
3,val,163428021,HET-5-1,het,3
3,val,163433841,HET-5-1,het,3
3,val,163447758,HET-5-1,het,3
3,val,525409878,HET-5-1,het,3
3,val,525419087,HET-5-1,het,3
3,val,163446831,HET-16-1,het,3
3,test,503012363,WT-2-1,wt,3
3,test,503015234,WT-2-1,wt,3
3,test,503015335,WT-2-1,wt,3
3,test,525404903,WT-2-1,wt,3
3,test,503020451,WT-8-1,wt,3
3,test,503027138,WT-8-1,wt,3
3,test,503027139,WT-8-1,wt,2
3,test,503027141,WT-8-1,wt,2
3,test,503027497,WT-8-1,wt,3
3,test,163430950,HOM-21-1,hom,3
3,test,163437296,HOM-21-1,hom,3
3,test,163438853,HOM-21-1,hom,3
3,test,163447535,HOM-21-1,hom,3
3,test,163447536,HOM-21-1,hom,2
3,test,525410279,HOM-21-1,hom,3
3,test,525417947,HOM-21-1,hom,3
3,test,525419273,HOM-21-1,hom,2
3,test,163424327,HET-9-1,het,3
3,test,163436039,HET-9-1,het,3
3,test,163446666,HET-9-1,het,2
3,test,163446844,HET-9-1,het,3
3,test,525406437,HET-9-1,het,3
3,test,525419086,HET-9-1,het,3
3,test,525419376,HET-9-1,het,3
3,test,525404899,HET-1-1,het,3
3,test,503012092,HET-1-2,het,3
3,test,503013337,HET-1-2,het,3
3,test,163428634,HET-14-1,het,2
3,test,163436038,HET-14-1,het,2
3,test,163446638,HET-14-1,het,2
3,test,163447614,HET-14-1,het,2
3,test,525406531,HET-14-1,het,2
3,test,525412475,HET-14-1,het,2
3,test,525419236,HET-14-1,het,3
3,test,503019380,HET-6-2,het,3
3,test,503020374,HET-6-2,het,3
3,test,503025971,HET-6-2,het,3
3,test,503027437,HET-6-2,het,1
3,test,503027574,HET-6-2,het,3
4,train,503012363,WT-2-1,wt,3
4,train,503015234,WT-2-1,wt,3
4,train,503015335,WT-2-1,wt,3
4,train,525404903,WT-2-1,wt,3
4,train,163428646,WT-20-1,wt,3
4,train,163446863,WT-20-1,wt,3
4,train,163447534,WT-20-1,wt,3
4,train,163447688,WT-20-1,wt,3
4,train,525406624,WT-20-1,wt,3
4,train,525418818,WT-20-1,wt,3
4,train,525419334,WT-20-1,wt,3
4,train,163428076,WT-1-1,wt,2
4,train,163433840,WT-1-1,wt,3
4,train,503020451,WT-8-1,wt,3
4,train,503027138,WT-8-1,wt,3
4,train,503027139,WT-8-1,wt,2
4,train,503027141,WT-8-1,wt,2
4,train,503027497,WT-8-1,wt,3
4,train,503020324,WT-9-1,wt,3
4,train,503027099,WT-9-1,wt,1
4,train,503027952,WT-9-1,wt,3
4,train,503027957,WT-9-1,wt,3
4,train,163428018,WT-10-1,wt,3
4,train,163434039,WT-10-1,wt,3
4,train,163446746,WT-10-1,wt,3
4,train,163447721,WT-10-1,wt,3
4,train,525410232,WT-10-1,wt,3
4,train,525413043,WT-10-1,wt,3
4,train,525414691,WT-10-1,wt,3
4,train,163430975,WT-13-1,wt,2
4,train,163447105,WT-13-1,wt,3
4,train,163447541,WT-13-1,wt,2
4,train,163430866,HOM-12-1,hom,2
4,train,163434132,HOM-12-1,hom,2
4,train,163447113,HOM-12-1,hom,3
4,train,525410379,HOM-12-1,hom,3
4,train,525419269,HOM-12-1,hom,3
4,train,163430950,HOM-21-1,hom,3
4,train,163437296,HOM-21-1,hom,3
4,train,163438853,HOM-21-1,hom,3
4,train,163447535,HOM-21-1,hom,3
4,train,163447536,HOM-21-1,hom,2
4,train,525410279,HOM-21-1,hom,3
4,train,525417947,HOM-21-1,hom,3
4,train,525419273,HOM-21-1,hom,2
4,train,163433892,HOM-8-1,hom,3
4,train,163446564,HOM-8-1,hom,3
4,train,163447121,HOM-8-1,hom,3
4,train,525409823,HOM-8-1,hom,3
4,train,525413016,HOM-8-1,hom,3
4,train,525419422,HOM-8-1,hom,3
4,train,163430904,HOM-16-1,hom,3
4,train,163434207,HOM-16-1,hom,3
4,train,163447677,HOM-16-1,hom,3
4,train,525410294,HOM-16-1,hom,3
4,train,525418863,HOM-16-1,hom,3
4,train,503019336,HET-7-2,het,3
4,train,503020396,HET-7-2,het,3
4,train,503025776,HET-7-2,het,3
4,train,503027992,HET-7-2,het,1
4,train,163424327,HET-9-1,het,3
4,train,163436039,HET-9-1,het,3
4,train,163446666,HET-9-1,het,2
4,train,163446844,HET-9-1,het,3
4,train,525406437,HET-9-1,het,3
4,train,525419086,HET-9-1,het,3
4,train,525419376,HET-9-1,het,3
4,train,503012092,HET-1-2,het,3
4,train,503013337,HET-1-2,het,3
4,train,163424271,HET-4-1,het,3
4,train,163435865,HET-4-1,het,3
4,train,163446392,HET-4-1,het,3
4,train,163446474,HET-4-1,het,2
4,train,525406569,HET-4-1,het,3
4,train,525418743,HET-4-1,het,3
4,train,525418841,HET-4-1,het,3
4,train,163430921,HET-17-1,het,2
4,train,163436010,HET-17-1,het,3
4,train,163438973,HET-17-1,het,2
4,train,163447533,HET-17-1,het,2
4,train,525409655,HET-17-1,het,2
4,train,525410710,HET-17-1,het,2
4,train,525410975,HET-17-1,het,2
4,train,525413019,HET-17-1,het,3
4,train,163428047,HET-2-1,het,3
4,train,163433792,HET-2-1,het,3
4,train,163447610,HET-2-1,het,3
4,train,525419379,HET-2-1,het,3
4,train,503016031,HET-4-2,het,3
4,train,503017467,HET-4-2,het,3
4,train,503018147,HET-4-2,het,1
4,train,503018156,HET-4-2,het,3
4,train,503018850,HET-11-2,het,3
4,train,503020932,HET-11-2,het,3
4,train,503027136,HET-11-2,het,3
4,train,503027809,HET-11-2,het,3
4,train,503027953,HET-11-2,het,1
4,train,163428634,HET-14-1,het,2
4,train,163436038,HET-14-1,het,2
4,train,163446638,HET-14-1,het,2
4,train,163447614,HET-14-1,het,2
4,train,525406531,HET-14-1,het,2
4,train,525412475,HET-14-1,het,2
4,train,525419236,HET-14-1,het,3
4,train,163430949,HET-19-1,het,2
4,train,163437430,HET-19-1,het,3
4,train,163439000,HET-19-1,het,3
4,train,163446505,HET-19-1,het,3
4,train,163447461,HET-19-1,het,2
4,train,525410284,HET-19-1,het,2
4,train,525418856,HET-19-1,het,3
4,train,525419100,HET-19-1,het,3
4,train,163435978,HET-24-1,het,3
4,train,163437381,HET-24-1,het,3
4,train,163439027,HET-24-1,het,3
4,train,525410203,HET-24-1,het,3
4,train,163424314,HET-6-1,het,3
4,train,163436037,HET-6-1,het,3
4,train,163447111,HET-6-1,het,3
4,train,525406568,HET-6-1,het,3
4,train,525417988,HET-6-1,het,3
4,train,503019380,HET-6-2,het,3
4,train,503020374,HET-6-2,het,3
4,train,503025971,HET-6-2,het,3
4,train,503027437,HET-6-2,het,1
4,train,503027574,HET-6-2,het,3
4,val,163435797,WT-23-1,wt,3
4,val,163437447,WT-23-1,wt,2
4,val,163439034,WT-23-1,wt,2
4,val,163447232,WT-23-1,wt,1
4,val,163447625,WT-23-1,wt,3
4,val,525409830,WT-23-1,wt,3
4,val,525418073,WT-23-1,wt,3
4,val,525419301,WT-23-1,wt,2
4,val,163428059,HOM-8-2,hom,3
4,val,503020970,HET-10-1,het,3
4,val,503026936,HET-10-1,het,3
4,val,503027582,HET-10-1,het,3
4,val,503027661,HET-10-1,het,3
4,val,503027891,HET-10-1,het,2
4,val,525404899,HET-1-1,het,3
4,val,163427973,HET-7-1,het,2
4,val,163433864,HET-7-1,het,3
4,val,163446475,HET-7-1,het,1
4,val,163447456,HET-7-1,het,2
4,val,525410372,HET-7-1,het,2
4,val,525419016,HET-7-1,het,3
4,val,525419296,HET-7-1,het,1
4,val,163430903,HET-11-1,het,2
4,val,163434100,HET-11-1,het,2
4,val,163446668,HET-11-1,het,3
4,val,525409908,HET-11-1,het,3
4,val,525418918,HET-11-1,het,3
4,test,163430839,WT-18-1,wt,3
4,test,163434162,WT-18-1,wt,3
4,test,163446504,WT-18-1,wt,3
4,test,525410202,WT-18-1,wt,3
4,test,525417694,WT-18-1,wt,3
4,test,503015236,WT-2-2,wt,2
4,test,503012628,WT-3-1,wt,3
4,test,503015691,WT-3-1,wt,3
4,test,503017161,WT-3-1,wt,2
4,test,503017238,WT-3-1,wt,3
4,test,163430951,HOM-15-1,hom,3
4,test,163434184,HOM-15-1,hom,3
4,test,163447104,HOM-15-1,hom,3
4,test,163447537,HOM-15-1,hom,2
4,test,525410233,HOM-15-1,hom,3
4,test,525418964,HOM-15-1,hom,3
4,test,525418967,HOM-15-1,hom,2
4,test,163424313,HET-3-1,het,3
4,test,163436040,HET-3-1,het,2
4,test,163447377,HET-3-1,het,2
4,test,525406497,HET-3-1,het,3
4,test,525417887,HET-3-1,het,2
4,test,525410293,HET-13-1,het,2
4,test,525411447,HET-13-1,het,3
4,test,525419017,HET-13-1,het,1
4,test,163430757,HET-22-1,het,3
4,test,163437374,HET-22-1,het,3
4,test,163439041,HET-22-1,het,3
4,test,163446478,HET-22-1,het,1
4,test,163447457,HET-22-1,het,2
4,test,525410242,HET-22-1,het,2
4,test,525411409,HET-22-1,het,1
4,test,525419281,HET-22-1,het,3
4,test,163428021,HET-5-1,het,3
4,test,163433841,HET-5-1,het,3
4,test,163447758,HET-5-1,het,3
4,test,525409878,HET-5-1,het,3
4,test,525419087,HET-5-1,het,3
4,test,163446831,HET-16-1,het,3
5,train,503012363,WT-2-1,wt,3
5,train,503015234,WT-2-1,wt,3
5,train,503015335,WT-2-1,wt,3
5,train,525404903,WT-2-1,wt,3
5,train,163430839,WT-18-1,wt,3
5,train,163434162,WT-18-1,wt,3
5,train,163446504,WT-18-1,wt,3
5,train,525410202,WT-18-1,wt,3
5,train,525417694,WT-18-1,wt,3
5,train,503015236,WT-2-2,wt,2
5,train,503012628,WT-3-1,wt,3
5,train,503015691,WT-3-1,wt,3
5,train,503017161,WT-3-1,wt,2
5,train,503017238,WT-3-1,wt,3
5,train,503020451,WT-8-1,wt,3
5,train,503027138,WT-8-1,wt,3
5,train,503027139,WT-8-1,wt,2
5,train,503027141,WT-8-1,wt,2
5,train,503027497,WT-8-1,wt,3
5,train,503020324,WT-9-1,wt,3
5,train,503027099,WT-9-1,wt,1
5,train,503027952,WT-9-1,wt,3
5,train,503027957,WT-9-1,wt,3
5,train,163428018,WT-10-1,wt,3
5,train,163434039,WT-10-1,wt,3
5,train,163446746,WT-10-1,wt,3
5,train,163447721,WT-10-1,wt,3
5,train,525410232,WT-10-1,wt,3
5,train,525413043,WT-10-1,wt,3
5,train,525414691,WT-10-1,wt,3
5,train,163430950,HOM-21-1,hom,3
5,train,163437296,HOM-21-1,hom,3
5,train,163438853,HOM-21-1,hom,3
5,train,163447535,HOM-21-1,hom,3
5,train,163447536,HOM-21-1,hom,2
5,train,525410279,HOM-21-1,hom,3
5,train,525417947,HOM-21-1,hom,3
5,train,525419273,HOM-21-1,hom,2
5,train,163433892,HOM-8-1,hom,3
5,train,163446564,HOM-8-1,hom,3
5,train,163447121,HOM-8-1,hom,3
5,train,525409823,HOM-8-1,hom,3
5,train,525413016,HOM-8-1,hom,3
5,train,525419422,HOM-8-1,hom,3
5,train,163430951,HOM-15-1,hom,3
5,train,163434184,HOM-15-1,hom,3
5,train,163447104,HOM-15-1,hom,3
5,train,163447537,HOM-15-1,hom,2
5,train,525410233,HOM-15-1,hom,3
5,train,525418964,HOM-15-1,hom,3
5,train,525418967,HOM-15-1,hom,2
5,train,163424327,HET-9-1,het,3
5,train,163436039,HET-9-1,het,3
5,train,163446666,HET-9-1,het,2
5,train,163446844,HET-9-1,het,3
5,train,525406437,HET-9-1,het,3
5,train,525419086,HET-9-1,het,3
5,train,525419376,HET-9-1,het,3
5,train,525404899,HET-1-1,het,3
5,train,503012092,HET-1-2,het,3
5,train,503013337,HET-1-2,het,3
5,train,163424313,HET-3-1,het,3
5,train,163436040,HET-3-1,het,2
5,train,163447377,HET-3-1,het,2
5,train,525406497,HET-3-1,het,3
5,train,525417887,HET-3-1,het,2
5,train,525410293,HET-13-1,het,2
5,train,525411447,HET-13-1,het,3
5,train,525419017,HET-13-1,het,1
5,train,163428047,HET-2-1,het,3
5,train,163433792,HET-2-1,het,3
5,train,163447610,HET-2-1,het,3
5,train,525419379,HET-2-1,het,3
5,train,503018850,HET-11-2,het,3
5,train,503020932,HET-11-2,het,3
5,train,503027136,HET-11-2,het,3
5,train,503027809,HET-11-2,het,3
5,train,503027953,HET-11-2,het,1
5,train,163428634,HET-14-1,het,2
5,train,163436038,HET-14-1,het,2
5,train,163446638,HET-14-1,het,2
5,train,163447614,HET-14-1,het,2
5,train,525406531,HET-14-1,het,2
5,train,525412475,HET-14-1,het,2
5,train,525419236,HET-14-1,het,3
5,train,163430757,HET-22-1,het,3
5,train,163437374,HET-22-1,het,3
5,train,163439041,HET-22-1,het,3
5,train,163446478,HET-22-1,het,1
5,train,163447457,HET-22-1,het,2
5,train,525410242,HET-22-1,het,2
5,train,525411409,HET-22-1,het,1
5,train,525419281,HET-22-1,het,3
5,train,163428021,HET-5-1,het,3
5,train,163433841,HET-5-1,het,3
5,train,163447758,HET-5-1,het,3
5,train,525409878,HET-5-1,het,3
5,train,525419087,HET-5-1,het,3
5,train,163446831,HET-16-1,het,3
5,train,163430949,HET-19-1,het,2
5,train,163437430,HET-19-1,het,3
5,train,163439000,HET-19-1,het,3
5,train,163446505,HET-19-1,het,3
5,train,163447461,HET-19-1,het,2
5,train,525410284,HET-19-1,het,2
5,train,525418856,HET-19-1,het,3
5,train,525419100,HET-19-1,het,3
5,train,163424314,HET-6-1,het,3
5,train,163436037,HET-6-1,het,3
5,train,163447111,HET-6-1,het,3
5,train,525406568,HET-6-1,het,3
5,train,525417988,HET-6-1,het,3
5,train,503019380,HET-6-2,het,3
5,train,503020374,HET-6-2,het,3
5,train,503025971,HET-6-2,het,3
5,train,503027437,HET-6-2,het,1
5,train,503027574,HET-6-2,het,3
5,val,163428646,WT-20-1,wt,3
5,val,163446863,WT-20-1,wt,3
5,val,163447534,WT-20-1,wt,3
5,val,163447688,WT-20-1,wt,3
5,val,525406624,WT-20-1,wt,3
5,val,525418818,WT-20-1,wt,3
5,val,525419334,WT-20-1,wt,3
5,val,163430975,WT-13-1,wt,2
5,val,163447105,WT-13-1,wt,3
5,val,163447541,WT-13-1,wt,2
5,val,163430904,HOM-16-1,hom,3
5,val,163434207,HOM-16-1,hom,3
5,val,163447677,HOM-16-1,hom,3
5,val,525410294,HOM-16-1,hom,3
5,val,525418863,HOM-16-1,hom,3
5,val,503020970,HET-10-1,het,3
5,val,503026936,HET-10-1,het,3
5,val,503027582,HET-10-1,het,3
5,val,503027661,HET-10-1,het,3
5,val,503027891,HET-10-1,het,2
5,val,163430921,HET-17-1,het,2
5,val,163436010,HET-17-1,het,3
5,val,163438973,HET-17-1,het,2
5,val,163447533,HET-17-1,het,2
5,val,525409655,HET-17-1,het,2
5,val,525410710,HET-17-1,het,2
5,val,525410975,HET-17-1,het,2
5,val,525413019,HET-17-1,het,3
5,val,163430903,HET-11-1,het,2
5,val,163434100,HET-11-1,het,2
5,val,163446668,HET-11-1,het,3
5,val,525409908,HET-11-1,het,3
5,val,525418918,HET-11-1,het,3
5,val,163435978,HET-24-1,het,3
5,val,163437381,HET-24-1,het,3
5,val,163439027,HET-24-1,het,3
5,val,525410203,HET-24-1,het,3
5,test,163435797,WT-23-1,wt,3
5,test,163437447,WT-23-1,wt,2
5,test,163439034,WT-23-1,wt,2
5,test,163447232,WT-23-1,wt,1
5,test,163447625,WT-23-1,wt,3
5,test,525409830,WT-23-1,wt,3
5,test,525418073,WT-23-1,wt,3
5,test,525419301,WT-23-1,wt,2
5,test,163428076,WT-1-1,wt,2
5,test,163433840,WT-1-1,wt,3
5,test,163430866,HOM-12-1,hom,2
5,test,163434132,HOM-12-1,hom,2
5,test,163447113,HOM-12-1,hom,3
5,test,525410379,HOM-12-1,hom,3
5,test,525419269,HOM-12-1,hom,3
5,test,163428059,HOM-8-2,hom,3
5,test,503019336,HET-7-2,het,3
5,test,503020396,HET-7-2,het,3
5,test,503025776,HET-7-2,het,3
5,test,503027992,HET-7-2,het,1
5,test,163424271,HET-4-1,het,3
5,test,163435865,HET-4-1,het,3
5,test,163446392,HET-4-1,het,3
5,test,163446474,HET-4-1,het,2
5,test,525406569,HET-4-1,het,3
5,test,525418743,HET-4-1,het,3
5,test,525418841,HET-4-1,het,3
5,test,163427973,HET-7-1,het,2
5,test,163433864,HET-7-1,het,3
5,test,163446475,HET-7-1,het,1
5,test,163447456,HET-7-1,het,2
5,test,525410372,HET-7-1,het,2
5,test,525419016,HET-7-1,het,3
5,test,525419296,HET-7-1,het,1
5,test,503016031,HET-4-2,het,3
5,test,503017467,HET-4-2,het,3
5,test,503018147,HET-4-2,het,1
5,test,503018156,HET-4-2,het,3
