outer_fold,split,genotype,n_fish,n_images
1,test,het,4,22
1,test,hom,1,6
1,test,wt,2,10
1,train,het,14,70
1,train,hom,4,25
1,train,wt,7,32
1,val,het,4,18
1,val,hom,1,1
1,val,wt,2,8
2,test,het,4,22
2,test,hom,1,5
2,test,wt,2,11
2,train,het,14,70
2,train,hom,4,26
2,train,wt,7,31
2,val,het,4,18
2,val,hom,1,1
2,val,wt,2,8
3,test,het,5,22
3,test,hom,1,8
3,test,wt,2,9
3,train,het,13,70
3,train,hom,4,23
3,train,wt,8,33
3,val,het,4,18
3,val,hom,1,1
3,val,wt,1,8
4,test,het,5,22
4,test,hom,1,7
4,test,wt,3,10
4,train,het,13,70
4,train,hom,4,24
4,train,wt,7,32
4,val,het,4,18
4,val,hom,1,1
4,val,wt,1,8
5,test,het,4,22
5,test,hom,2,6
5,test,wt,2,10
5,train,het,14,66
5,train,hom,3,21
5,train,wt,7,30
5,val,het,4,22
5,val,hom,1,5
5,val,wt,2,10
