Structure,Occurrence,Mean area (px^2),SD (px^2),CV (%),Presence (%),Missing mask files
Br1a,191,4339.188481675393,1513.6425935899754,34.883080096247554,99.47916666666667,0
Br1b,189,4157.820105820106,1359.930356249512,32.70777286265669,98.4375,0
Br2a,64,1286.921875,655.8572556824764,50.9632533585208,33.333333333333336,0
Br2b,68,1380.0588235294117,712.4210326986641,51.62251206631129,35.416666666666664,0
CB1,186,9303.037634408602,1966.1007902686256,21.133965781205955,96.875,0
CB2,187,9216.775401069519,1789.1871864044272,19.412290183362924,97.39583333333333,0
CH1,183,4328.147540983607,1198.8640525821058,27.699241794092217,95.3125,0
CH2,184,4327.766304347826,1176.7891968999231,27.191606804592922,95.83333333333333,0
CL1,187,6799.491978609625,2441.60159706826,35.90858853498529,97.39583333333333,0
CL2,188,6999.29255319149,2362.5943015551866,33.75475855024673,97.91666666666667,0
D1,191,2477.5968586387435,1123.766205218007,45.35710486150008,99.47916666666667,0
D2,191,2465.089005235602,1025.118610562009,41.585460337730595,99.47916666666667,0
EN1,192,4700.161458333333,1866.4701376774933,39.71076641140195,100.0,0
EN2,192,5183.5,2110.1556504461814,40.70908942695441,100.0,0
Hm1,191,3605.13612565445,899.3741346090945,24.947022893506652,99.47916666666667,0
Hm2,191,3724.0366492146595,879.4608957030542,23.615795937145748,99.47916666666667,0
M1,182,928.0494505494505,396.3713348745008,42.71015242127773,94.79166666666667,0
M2,187,922.4385026737968,404.9546638821394,43.9004511095678,97.39583333333333,0
N,192,22726.864583333332,5422.921950773782,23.86128509231609,100.0,0
Oc1,160,3755.01875,1492.6326599360814,39.75033839540964,83.33333333333333,0
Oc2,155,3789.206451612903,1524.366305198865,40.22917000339233,80.72916666666667,0
Op1,192,6420.838541666667,2295.5379914368223,35.75137385156808,100.0,0
Op2,190,6326.442105263158,1935.3392397254136,30.591274013482973,98.95833333333333,0
P,192,34126.40625,7284.086294312924,21.344428244075434,100.0,0
VC,192,22859.505208333332,9823.49156958837,42.97333419975888,100.0,0
