structure,test_dice,test_count
Br1a,0.8669317116862849,190
Br1b,0.832816020297845,190
Br2a,0.5480833933768509,63
Br2b,0.547096364238462,67
Cb1,0.8609574398903939,187
Cb2,0.8725006176579383,186
Ch1,0.855656247370707,185
Ch2,0.8610605329073764,185
Cl1,0.7786718192585012,187
Cl2,0.8168260921189126,188
D1,0.7946832683525588,190
D2,0.8276202597116169,190
En1,0.8183088084584789,190
En2,0.8224727122799347,190
Hm1,0.906843774569662,190
Hm2,0.8993997909543675,190
M1,0.7438481079043332,180
M2,0.7365407772106867,185
N,0.8887725265402543,190
Oc1,0.7571846456616533,158
Oc2,0.7527082985057045,154
Op1,0.9125439499553881,190
Op2,0.8969558176241423,190
P,0.9170542550714392,190
VC,0.7836294320276859,190
