outer_fold,split,fish_id,genotype,base_fold,n_records
0,test,HET-22-1,het,0,8
0,test,HET-4-2,het,0,4
0,test,HET-6-1,het,0,5
0,test,HET-6-2,het,0,5
0,test,HOM-8-1,hom,0,7
0,test,WT-18-1,wt,0,5
0,test,WT-9-2,wt,0,4
0,train,HET-1-2,het,2,2
0,train,HET-11-1,het,4,5
0,train,HET-11-2,het,3,4
0,train,HET-14-1,het,4,7
0,train,HET-17-1,het,2,7
0,train,HET-19-1,het,3,8
0,train,HET-2-1,het,3,5
0,train,HET-24-1,het,4,4
0,train,HET-3-1,het,3,5
0,train,HET-4-1,het,2,7
0,train,HET-5-1,het,2,5
0,train,HET-9-1,het,4,7
0,train,HOM-12-1,hom,4,5
0,train,HOM-16-1,hom,3,6
0,train,HOM-21-1,hom,2,8
0,train,WT-1-1,wt,4,3
0,train,WT-10-1,wt,4,7
0,train,WT-2-2,wt,3,4
0,train,WT-20-1,wt,3,7
0,train,WT-3-2,wt,2,4
0,train,WT-8-2,wt,2,5
0,val,HET-10-2,het,1,5
0,val,HET-13-1,het,1,6
0,val,HET-7-1,het,1,7
0,val,HET-7-2,het,1,4
0,val,HOM-15-1,hom,1,7
0,val,WT-23-1,wt,1,8
