structure,gt_present,pred_present,tp,fp,fn,tn,total_errors,precision,recall,f1,specificity
Br1a,190,190,190,0,0,0,0,1.0,1.0,1.0,
Br1b,190,188,188,0,2,0,2,1.0,0.9894736842105263,0.9947089947089947,
Br2a,63,73,51,22,12,105,34,0.6986301369863014,0.8095238095238095,0.7500000000000001,0.8267716535433071
Br2b,67,81,57,24,10,99,34,0.7037037037037037,0.8507462686567164,0.7702702702702703,0.8048780487804879
Cb1,187,190,187,3,0,0,3,0.9842105263157894,1.0,0.9920424403183024,0.0
Cb2,186,190,186,4,0,0,4,0.9789473684210527,1.0,0.9893617021276596,0.0
Ch1,185,186,182,4,3,1,7,0.978494623655914,0.9837837837837838,0.981132075471698,0.2
Ch2,185,183,180,3,5,2,8,0.9836065573770492,0.972972972972973,0.9782608695652174,0.4
Cl1,187,190,187,3,0,0,3,0.9842105263157894,1.0,0.9920424403183024,0.0
Cl2,188,190,188,2,0,0,2,0.9894736842105263,1.0,0.9947089947089947,0.0
D1,190,190,190,0,0,0,0,1.0,1.0,1.0,
D2,190,190,190,0,0,0,0,1.0,1.0,1.0,
En1,190,190,190,0,0,0,0,1.0,1.0,1.0,
En2,190,190,190,0,0,0,0,1.0,1.0,1.0,
Hm1,190,190,190,0,0,0,0,1.0,1.0,1.0,
Hm2,190,190,190,0,0,0,0,1.0,1.0,1.0,
M1,180,178,173,5,7,5,12,0.9719101123595506,0.9611111111111111,0.9664804469273743,0.5
M2,185,190,185,5,0,0,5,0.9736842105263158,1.0,0.9866666666666666,0.0
N,190,190,190,0,0,0,0,1.0,1.0,1.0,
Oc1,158,167,151,16,7,16,23,0.9041916167664671,0.9556962025316456,0.9292307692307693,0.5
Oc2,154,169,147,22,7,14,29,0.8698224852071006,0.9545454545454546,0.9102167182662539,0.3888888888888889
Op1,190,188,188,0,2,0,2,1.0,0.9894736842105263,0.9947089947089947,
Op2,190,188,188,0,2,0,2,1.0,0.9894736842105263,0.9947089947089947,
P,190,190,190,0,0,0,0,1.0,1.0,1.0,
VC,190,189,189,0,1,0,1,1.0,0.9947368421052631,0.9973614775725593,
