Structure,Occurrence (n),Occurrence (%),Mean relative area (%),CV
Br1a,190,100.0,0.08723367966229374,0.3494922185234825
Br1b,190,100.0,0.08333857869085352,0.3286583224488031
Br2a,63,33.1578947368421,0.02569557093398766,0.5118934252454598
Br2b,67,35.26315789473684,0.027652908636862754,0.5178908203700233
CB1,187,98.42105263157895,0.18668330452992338,0.2078627686124139
CB2,186,97.89473684210527,0.18513050889807314,0.1946020735533383
CH1,185,97.36842105263158,0.08705168702130625,0.27557148244419377
CH2,185,97.36842105263158,0.08688225328449471,0.27185767883951173
CL1,187,98.42105263157895,0.13563371301433444,0.3566783511213773
CL2,188,98.94736842105263,0.1397860103298046,0.33742616342480236
D1,190,100.0,0.04955456339336053,0.4523900146353877
D2,190,100.0,0.049238044138160686,0.411237697254773
EN1,190,100.0,0.09394562222461368,0.39045044349214764
EN2,190,100.0,0.1040902071205559,0.40651646941933506
Hm1,190,100.0,0.07240592112877388,0.2483709706412841
Hm2,190,100.0,0.07472752059733455,0.2355283612964548
M1,180,94.73684210526315,0.018655553483733336,0.4271387038885167
M2,185,97.36842105263158,0.018472838989987247,0.4381182357105871
N,190,100.0,0.45505686728974754,0.2375425192800208
Oc1,158,83.15789473684211,0.07533158809215343,0.3953877258446784
Oc2,154,81.05263157894737,0.07592387880691766,0.40153510837053186
Op1,190,100.0,0.12895288450670286,0.358594287403269
Op2,190,100.0,0.12664133158984417,0.3064454031883785
P,190,100.0,0.6853135742407598,0.21332092702670716
VC,190,100.0,0.45812381514141826,0.42348270968627433
