structure,Baseline,Anatomy-aware,Class-specific Br2
Br1a,0.8684995001868198,0.8669317116862849,0.8654557535522862
Br1b,0.8331794927026507,0.832816020297845,0.8300273445252541
Br2a,0.5112865289981224,0.5480833933768509,0.5121387171529561
Br2b,0.5355550056144591,0.547096364238462,0.49672327112659703
Cb1,0.8569477721659853,0.8609574398903939,0.8580741314976259
Cb2,0.8749835898158371,0.8725006176579383,0.8678895686903307
Ch1,0.8493199115032091,0.855656247370707,0.8451402903159748
Ch2,0.8617696231281435,0.8610605329073764,0.8482898971376044
Cl1,0.7775529017422926,0.7786718192585012,0.7847283817230062
Cl2,0.8083947506990838,0.8168260921189126,0.8100757364262926
D1,0.7847623192950299,0.7946832683525588,0.7827486366033554
D2,0.8198247594268698,0.8276202597116169,0.825121091541491
En1,0.8144319777425967,0.8183088084584789,0.8154690135466425
En2,0.8232192190167935,0.8224727122799347,0.818185067676792
Hm1,0.897425072600967,0.906843774569662,0.9007154121210701
Hm2,0.8947827041172152,0.8993997909543675,0.8961358995837642
M1,0.7259420827116249,0.7438481079043332,0.7256779780284764
M2,0.7161346134202718,0.7365407772106867,0.7371193542993628
N,0.8877595161136828,0.8887725265402543,0.8836798686730234
Oc1,0.7535281074573699,0.7571846456616533,0.7530983137217638
Oc2,0.7419700668056057,0.7527082985057045,0.7424859651688638
Op1,0.9034249420228757,0.9125439499553881,0.8956061909313887
Op2,0.8915504981028406,0.8969558176241423,0.8582617683041781
P,0.9145970102987792,0.9170542550714392,0.9114313486375307
VC,0.7856901457617533,0.7836294320276859,0.7767508837121954
